case,average profit,average waiting time,average renege,average net profit
0,1761040.5208999997,6.526310000838381,80.91,-389129.56800685433
1,1819900.9971000003,7.234846247216844,35.87,-584533.3168969403
2,1821069.6685999997,7.2281925121637824,35.4,-581669.7819413659
3,1828466.7637000007,7.013920361401316,32.24,-507876.29737610323
4,1822624.1642000007,7.032748446247227,35.26,-518298.9321196939
best : 3,1828466.7637000007,7.013920361401316,32.24,-507876.29737610323
