case,average profit,average wating time,average renege
0,-344797.4399999998,6.170767114747075,1.3
1,-437145.86899999983,4.865378319295761,0.0
2,-510316.27600000007,4.64308123664698,7.5
best : 0,-344797.4399999998,6.170767114747075,1.3
